{"cameraMode":{"drawMode":0,"name":"Shaded","section":"Shading Mode"},"sceneLighting":true,"audioPlay":false,"sceneViewState":{"m_AlwaysRefresh":false,"showFog":true,"showSkybox":true,"showFlares":true,"showImageEffects":true,"showParticleSystems":true,"showVisualEffectGraphs":true,"m_FxEnabled":true},"in2DMode":false,"pivot":{"x":151.46359252929688,"y":-103.35968017578125,"z":240.22930908203126},"rotation":{"x":-0.33794108033180239,"y":-0.10081379860639572,"z":0.03643668442964554,"w":-0.9350448846817017},"size":312.73370361328127,"orthographic":false}