{"cameraMode":{"drawMode":0,"name":"Shaded","section":"Shading Mode"},"sceneLighting":true,"audioPlay":false,"sceneViewState":{"m_AlwaysRefresh":false,"showFog":true,"showSkybox":true,"showFlares":true,"showImageEffects":true,"showParticleSystems":true,"showVisualEffectGraphs":true,"m_FxEnabled":true},"in2DMode":false,"pivot":{"x":166.29409790039063,"y":45.81189727783203,"z":121.29383850097656},"rotation":{"x":-0.28932854533195498,"y":-0.03472635895013809,"z":0.01058716606348753,"w":-0.9565847516059876},"size":244.38980102539063,"orthographic":false}